{
  "principalPoint": {
    "x": 0,
    "y": 0
  },
  "viewTransform": {
    "rows": [
      [
        0.5585311331371007,
        -0.06002640887862494,
        0.8273087715923979,
        0.8408220209430708
      ],
      [
        0.3125322445099706,
        0.9391033385650724,
        -0.14285837615447866,
        0.8559939354684138
      ],
      [
        -0.7683531541278049,
        0.3383515180002458,
        0.5432786401182941,
        -10
      ],
      [
        0,
        0,
        0,
        1
      ]
    ]
  },
  "cameraTransform": {
    "rows": [
      [
        0.5585311331371006,
        0.3125322445099706,
        -0.7683531541278049,
        -8.420682523340874
      ],
      [
        -0.060026408878624954,
        0.9391033385650727,
        0.3383515180002459,
        2.6301199438358966
      ],
      [
        0.827308771592398,
        -0.1428583761544787,
        0.5432786401182942,
        4.859452871527791
      ],
      [
        0,
        0,
        0,
        1
      ]
    ]
  },
  "horizontalFieldOfView": 0.7782127832845446,
  "verticalFieldOfView": 0.5966611569903683,
  "vanishingPoints": [
    {
      "x": 1.7729288886960948,
      "y": 0.9920618781419763
    },
    {
      "x": -3.7140676287201746,
      "y": 0.641339350658173
    },
    {
      "x": 0.43269217545147154,
      "y": -6.7693982386835305
    }
  ],
  "vanishingPointAxes": [
    "xPositive",
    "zNegative",
    "yPositive"
  ],
  "relativeFocalLength": 2.4389607362130077,
  "imageWidth": 4032,
  "imageHeight": 3024
}