{
  "principalPoint": {
    "x": 0,
    "y": 0
  },
  "viewTransform": {
    "rows": [
      [
        0.49879778663857244,
        0.04133783655127497,
        0.8657320320478624,
        0.781951849024619
      ],
      [
        0.2517054154811684,
        0.9489038170269722,
        -0.19033110583689403,
        0.7960615016274718
      ],
      [
        -0.8293643058764427,
        0.31284617514187807,
        0.4629061663417156,
        -10
      ],
      [
        0,
        0,
        0,
        1
      ]
    ]
  },
  "cameraTransform": {
    "rows": [
      [
        0.49879778663857266,
        0.25170541548116837,
        -0.8293643058764425,
        -8.884051901331551
      ],
      [
        0.041337836551274966,
        0.948903817026972,
        0.312846175141878,
        2.3407517562103015
      ],
      [
        0.8657320320478624,
        -0.19033110583689392,
        0.4629061663417153,
        4.103616166116422
      ],
      [
        0,
        0,
        0,
        1
      ]
    ]
  },
  "horizontalFieldOfView": 0.7285715936819881,
  "verticalFieldOfView": 0.5570866189403612,
  "vanishingPoints": [
    {
      "x": 1.577277298191369,
      "y": 0.7959322360785557
    },
    {
      "x": -4.904778459645637,
      "y": 1.0783150831338548
    },
    {
      "x": -0.3465339342757197,
      "y": -7.954634310765894
    }
  ],
  "vanishingPointAxes": [
    "xPositive",
    "zNegative",
    "yPositive"
  ],
  "relativeFocalLength": 2.6225807865042285,
  "imageWidth": 4032,
  "imageHeight": 3024
}