{
  "principalPoint": {
    "x": 0,
    "y": 0
  },
  "viewTransform": {
    "rows": [
      [
        0.02397093546050005,
        0.5979162499656647,
        0.8012000700699828,
        1.2840829130639095
      ],
      [
        -0.9946741058794213,
        0.09462598172112605,
        -0.04085763914235517,
        0.9785286298432928
      ],
      [
        -0.10024378956385448,
        -0.7959535674964401,
        0.5970000846260977,
        -10
      ],
      [
        0,
        0,
        0,
        1
      ]
    ]
  },
  "cameraTransform": {
    "rows": [
      [
        0.023970935460500033,
        -0.9946741058794213,
        -0.10024378956385446,
        -0.059901474306737756
      ],
      [
        0.5979162499656647,
        0.09462598172112609,
        -0.7959535674964401,
        -8.81990394722971
      ],
      [
        0.8012000700699828,
        -0.04085763914235517,
        0.5970000846260977,
        4.981173895987106
      ],
      [
        0,
        0,
        0,
        1
      ]
    ]
  },
  "horizontalFieldOfView": 1.1188637143149522,
  "verticalFieldOfView": 0.6760699421216345,
  "vanishingPoints": [
    {
      "x": 0.3818944312634849,
      "y": -15.846711638904592
    },
    {
      "x": 1.1996883519296135,
      "y": 0.18986218900599944
    },
    {
      "x": -2.1432972416072467,
      "y": 0.10929862408118149
    }
  ],
  "vanishingPointAxes": [
    "xPositive",
    "yPositive",
    "zPositive"
  ],
  "relativeFocalLength": 1.597040093252417,
  "imageWidth": 3648,
  "imageHeight": 2048
}