{
  "principalPoint": {
    "x": 0,
    "y": 0
  },
  "viewTransform": {
    "rows": [
      [
        0.7795131792160501,
        0.030125526324683793,
        -0.6256609753629732,
        0.015299770419372498
      ],
      [
        0.24914736700638224,
        0.901518636024926,
        0.3538216194829593,
        0.1494555854055098
      ],
      [
        0.5747040916352285,
        -0.431690400128863,
        0.6952399625268307,
        -10
      ],
      [
        0,
        0,
        0,
        1
      ]
    ]
  },
  "cameraTransform": {
    "rows": [
      [
        0.7795131792160501,
        0.24914736700638238,
        0.5747040916352285,
        5.697878078083224
      ],
      [
        0.030125526324683877,
        0.901518636024926,
        -0.4316904001288629,
        -4.452101910426242
      ],
      [
        -0.6256609753629732,
        0.3538216194829593,
        0.6952399625268307,
        6.909091477282771
      ],
      [
        0,
        0,
        0,
        1
      ]
    ]
  },
  "horizontalFieldOfView": 0.1293819006741556,
  "verticalFieldOfView": 0.09709566236855399,
  "vanishingPoints": [
    {
      "x": 1.077239574605927,
      "y": 32.23683269477285
    },
    {
      "x": -20.9377119421856,
      "y": -6.6920944258824395
    },
    {
      "x": 13.891667741075523,
      "y": -7.8559676422443
    }
  ],
  "vanishingPointAxes": [
    "yPositive",
    "xNegative",
    "zPositive"
  ],
  "relativeFocalLength": 15.43654301618778,
  "imageWidth": 3648,
  "imageHeight": 2736
}