{
  "principalPoint": {
    "x": 0,
    "y": 0
  },
  "viewTransform": {
    "rows": [
      [
        -0.47586821560263803,
        -0.8786045834558818,
        -0.04004281845072309,
        1.2734352909781597
      ],
      [
        -0.3505159087369854,
        0.1476958801447456,
        0.9248375666626839,
        1.2964133421079407
      ],
      [
        -0.8066523657074629,
        0.45413644746770265,
        -0.3782486589268601,
        -10
      ],
      [
        0,
        0,
        0,
        1
      ]
    ]
  },
  "cameraTransform": {
    "rows": [
      [
        -0.4758682156026382,
        -0.35051590873698535,
        -0.8066523657074628,
        -7.006122776763709
      ],
      [
        -0.8786045834558818,
        0.14769588014474555,
        0.4541364474677025,
        5.468735648470887
      ],
      [
        -0.04004281845072309,
        0.9248375666626839,
        -0.3782486589268601,
        -4.930466411807364
      ],
      [
        0,
        0,
        0,
        1
      ]
    ]
  },
  "horizontalFieldOfView": 1.1113867595995295,
  "verticalFieldOfView": 0.8717067129524652,
  "vanishingPoints": [
    {
      "x": -0.950018999947836,
      "y": -0.6997667887156778
    },
    {
      "x": 3.115581460883984,
      "y": -0.5237379302278802
    },
    {
      "x": -0.17048228038024912,
      "y": 3.937495497226361
    }
  ],
  "vanishingPointAxes": [
    "xPositive",
    "yNegative",
    "zNegative"
  ],
  "relativeFocalLength": 1.6103934842642844,
  "imageWidth": 4032,
  "imageHeight": 3024
}